race,date,doses/population
American Indian or Alaska Native,5/1/21,0.510444875
American Indian or Alaska Native,4/30/21,0.508653024
American Indian or Alaska Native,4/29/21,0.504902283
American Indian or Alaska Native,4/28/21,0.500255617
American Indian or Alaska Native,4/27/21,0.495310309
American Indian or Alaska Native,4/26/21,0.489944878
American Indian or Alaska Native,4/25/21,0.486189076
American Indian or Alaska Native,4/24/21,0.48444278
American Indian or Alaska Native,4/23/21,0.480332657
American Indian or Alaska Native,4/22/21,0.474263645
American Indian or Alaska Native,4/21/21,0.468341424
American Indian or Alaska Native,4/20/21,0.462510313
American Indian or Alaska Native,4/19/21,0.456122413
American Indian or Alaska Native,4/18/21,0.451521302
American Indian or Alaska Native,4/17/21,0.449871179
American Indian or Alaska Native,4/16/21,0.445872414
American Indian or Alaska Native,4/15/21,0.439742662
American Indian or Alaska Native,4/14/21,0.432858712
American Indian or Alaska Native,4/13/21,0.426870688
American Indian or Alaska Native,4/12/21,0.420133528
American Indian or Alaska Native,4/11/21,0.415340072
American Indian or Alaska Native,4/10/21,0.413016739
American Indian or Alaska Native,4/9/21,0.407550073
American Indian or Alaska Native,4/8/21,0.399086864
American Indian or Alaska Native,4/7/21,0.389575878
American Indian or Alaska Native,4/6/21,0.381932669
American Indian or Alaska Native,4/5/21,0.37361625
American Indian or Alaska Native,4/4/21,0.368033164
American Indian or Alaska Native,4/3/21,0.36629193
American Indian or Alaska Native,4/2/21,0.361761684
American Indian or Alaska Native,4/1/21,0.354913166
American Indian or Alaska Native,3/31/21,0.346738476
American Indian or Alaska Native,3/30/21,0.340527736
American Indian or Alaska Native,3/29/21,0.333972798
American Indian or Alaska Native,3/28/21,0.32932107
American Indian or Alaska Native,3/27/21,0.327154651
American Indian or Alaska Native,3/26/21,0.322680084
American Indian or Alaska Native,3/25/21,0.31522922
American Indian or Alaska Native,3/24/21,0.307429098
American Indian or Alaska Native,3/23/21,0.300570457
American Indian or Alaska Native,3/22/21,0.294314161
American Indian or Alaska Native,3/21/21,0.290188853
American Indian or Alaska Native,3/20/21,0.287809841
American Indian or Alaska Native,3/19/21,0.283552928
American Indian or Alaska Native,3/18/21,0.27699799
American Indian or Alaska Native,3/17/21,0.269774905
American Indian or Alaska Native,3/16/21,0.262997251
American Indian or Alaska Native,3/15/21,0.256174042
American Indian or Alaska Native,3/14/21,0.251937376
American Indian or Alaska Native,3/13/21,0.249649475
American Indian or Alaska Native,3/12/21,0.245250834
American Indian or Alaska Native,3/11/21,0.237562069
American Indian or Alaska Native,3/10/21,0.229756885
American Indian or Alaska Native,3/9/21,0.224659725
American Indian or Alaska Native,3/8/21,0.219071578
American Indian or Alaska Native,3/7/21,0.215098122
American Indian or Alaska Native,3/6/21,0.21330627
American Indian or Alaska Native,3/5/21,0.2087659
American Indian or Alaska Native,3/4/21,0.203385284
American Indian or Alaska Native,3/3/21,0.196643062
American Indian or Alaska Native,3/2/21,0.190867631
American Indian or Alaska Native,3/1/21,0.186134915
American Indian or Alaska Native,2/28/21,0.182536027
American Indian or Alaska Native,2/27/21,0.18061257
American Indian or Alaska Native,2/26/21,0.177150348
American Indian or Alaska Native,2/25/21,0.170747263
American Indian or Alaska Native,2/24/21,0.164121461
American Indian or Alaska Native,2/23/21,0.159181215
American Indian or Alaska Native,2/22/21,0.153820845
American Indian or Alaska Native,2/21/21,0.150971092
American Indian or Alaska Native,2/20/21,0.150090352
American Indian or Alaska Native,2/19/21,0.146759735
American Indian or Alaska Native,2/18/21,0.142669859
American Indian or Alaska Native,2/17/21,0.137015909
American Indian or Alaska Native,2/16/21,0.132323687
American Indian or Alaska Native,2/15/21,0.126786157
American Indian or Alaska Native,2/14/21,0.125090478
American Indian or Alaska Native,2/13/21,0.123799738
American Indian or Alaska Native,2/12/21,0.121380232
American Indian or Alaska Native,2/11/21,0.115528875
American Indian or Alaska Native,2/10/21,0.108827147
American Indian or Alaska Native,2/9/21,0.10400332
American Indian or Alaska Native,2/8/21,0.098890975
American Indian or Alaska Native,2/7/21,0.09530221
American Indian or Alaska Native,2/6/21,0.09459863
American Indian or Alaska Native,2/5/21,0.091860236
American Indian or Alaska Native,2/4/21,0.086839002
American Indian or Alaska Native,2/3/21,0.082035422
American Indian or Alaska Native,2/2/21,0.077930361
American Indian or Alaska Native,2/1/21,0.073339374
American Indian or Alaska Native,1/31/21,0.070600979
American Indian or Alaska Native,1/30/21,0.069877152
American Indian or Alaska Native,1/29/21,0.068439621
American Indian or Alaska Native,1/28/21,0.065281103
American Indian or Alaska Native,1/27/21,0.061130486
American Indian or Alaska Native,1/26/21,0.057911227
American Indian or Alaska Native,1/25/21,0.054018759
American Indian or Alaska Native,1/24/21,0.051700487
American Indian or Alaska Native,1/23/21,0.051017154
American Indian or Alaska Native,1/22/21,0.049002587
American Indian or Alaska Native,1/21/21,0.045919994
American Indian or Alaska Native,1/20/21,0.04242234
American Indian or Alaska Native,1/19/21,0.038808267
American Indian or Alaska Native,1/18/21,0.035224564
American Indian or Alaska Native,1/17/21,0.034050243
American Indian or Alaska Native,1/16/21,0.033635181
American Indian or Alaska Native,1/15/21,0.03254691
American Indian or Alaska Native,1/14/21,0.029788268
American Indian or Alaska Native,1/13/21,0.026462713
American Indian or Alaska Native,1/12/21,0.023749627
American Indian or Alaska Native,1/11/21,0.021021355
American Indian or Alaska Native,1/10/21,0.018789133
American Indian or Alaska Native,1/9/21,0.018530985
American Indian or Alaska Native,1/8/21,0.018029874
American Indian or Alaska Native,1/7/21,0.015873578
American Indian or Alaska Native,1/6/21,0.013580616
American Indian or Alaska Native,1/5/21,0.012001357
American Indian or Alaska Native,1/4/21,0.010720739
American Indian or Alaska Native,1/3/21,0.009713456
American Indian or Alaska Native,1/2/21,0.00963753
American Indian or Alaska Native,1/1/21,0.009323703
American Indian or Alaska Native,12/31/20,0.009273085
American Indian or Alaska Native,12/30/20,0.008534073
American Indian or Alaska Native,12/29/20,0.00700037
American Indian or Alaska Native,12/28/20,0.006069012
American Indian or Alaska Native,12/27/20,0.005183209
American Indian or Alaska Native,12/26/20,0.004985802
American Indian or Alaska Native,12/25/20,0.004818765
American Indian or Alaska Native,12/24/20,0.00480358
American Indian or Alaska Native,12/23/20,0.00442395
American Indian or Alaska Native,12/22/20,0.003391358
American Indian or Alaska Native,12/21/20,0.002662469
American Indian or Alaska Native,12/20/20,0.00178679
American Indian or Alaska Native,12/19/20,0.001574197
American Indian or Alaska Native,12/18/20,0.001275555
American Indian or Alaska Native,12/17/20,0.000647901
American Indian or Alaska Native,12/16/20,0.000308765
American Indian or Alaska Native,12/15/20,1.51852E-05
Asian,5/1/21,0.848157238
Asian,4/30/21,0.844513782
Asian,4/29/21,0.838586141
Asian,4/28/21,0.831276386
Asian,4/27/21,0.822399468
Asian,4/26/21,0.813055162
Asian,4/25/21,0.805353123
Asian,4/24/21,0.799965673
Asian,4/23/21,0.789853892
Asian,4/22/21,0.776822744
Asian,4/21/21,0.763626269
Asian,4/20/21,0.751035722
Asian,4/19/21,0.738646328
Asian,4/18/21,0.728761503
Asian,4/17/21,0.723140359
Asian,4/16/21,0.71233144
Asian,4/15/21,0.697531647
Asian,4/14/21,0.682161095
Asian,4/13/21,0.668725995
Asian,4/12/21,0.655666416
Asian,4/11/21,0.645335896
Asian,4/10/21,0.638709803
Asian,4/9/21,0.627874589
Asian,4/8/21,0.613705868
Asian,4/7/21,0.599939127
Asian,4/6/21,0.58673427
Asian,4/5/21,0.573676664
Asian,4/4/21,0.563374246
Asian,4/3/21,0.558024101
Asian,4/2/21,0.547985123
Asian,4/1/21,0.534748055
Asian,3/31/21,0.521363737
Asian,3/30/21,0.51026229
Asian,3/29/21,0.499356903
Asian,3/28/21,0.490492311
Asian,3/27/21,0.484398027
Asian,3/26/21,0.475199821
Asian,3/25/21,0.463890975
Asian,3/24/21,0.452694702
Asian,3/23/21,0.442595904
Asian,3/22/21,0.433134258
Asian,3/21/21,0.425955483
Asian,3/20/21,0.421672574
Asian,3/19/21,0.413805701
Asian,3/18/21,0.403566719
Asian,3/17/21,0.393935144
Asian,3/16/21,0.384245885
Asian,3/15/21,0.374625978
Asian,3/14/21,0.367043087
Asian,3/13/21,0.361951123
Asian,3/12/21,0.354217367
Asian,3/11/21,0.344325475
Asian,3/10/21,0.334805159
Asian,3/9/21,0.326916099
Asian,3/8/21,0.320017527
Asian,3/7/21,0.313991281
Asian,3/6/21,0.309992354
Asian,3/5/21,0.30294308
Asian,3/4/21,0.294328123
Asian,3/3/21,0.285380867
Asian,3/2/21,0.276865994
Asian,3/1/21,0.269545064
Asian,2/28/21,0.26332736
Asian,2/27/21,0.259297536
Asian,2/26/21,0.252086386
Asian,2/25/21,0.242902642
Asian,2/24/21,0.23506305
Asian,2/23/21,0.227951162
Asian,2/22/21,0.222271348
Asian,2/21/21,0.218318272
Asian,2/20/21,0.21635784
Asian,2/19/21,0.212396054
Asian,2/18/21,0.20590357
Asian,2/17/21,0.199198428
Asian,2/16/21,0.192784664
Asian,2/15/21,0.186379282
Asian,2/14/21,0.182784307
Asian,2/13/21,0.179968969
Asian,2/12/21,0.175540124
Asian,2/11/21,0.169044682
Asian,2/10/21,0.162535107
Asian,2/9/21,0.155367671
Asian,2/8/21,0.149404204
Asian,2/7/21,0.144243216
Asian,2/6/21,0.142110061
Asian,2/5/21,0.137735613
Asian,2/4/21,0.131087991
Asian,2/3/21,0.125140628
Asian,2/2/21,0.119709299
Asian,2/1/21,0.114975107
Asian,1/31/21,0.110896968
Asian,1/30/21,0.109117476
Asian,1/29/21,0.105849705
Asian,1/28/21,0.100822985
Asian,1/27/21,0.095924123
Asian,1/26/21,0.091353122
Asian,1/25/21,0.086731833
Asian,1/24/21,0.08270694
Asian,1/23/21,0.080840676
Asian,1/22/21,0.077577178
Asian,1/21/21,0.072936332
Asian,1/20/21,0.068280038
Asian,1/19/21,0.063976915
Asian,1/18/21,0.059996559
Asian,1/17/21,0.057575476
Asian,1/16/21,0.056054823
Asian,1/15/21,0.053591012
Asian,1/14/21,0.049279835
Asian,1/13/21,0.045545992
Asian,1/12/21,0.041645834
Asian,1/11/21,0.037891283
Asian,1/10/21,0.034440929
Asian,1/9/21,0.033360218
Asian,1/8/21,0.031591079
Asian,1/7/21,0.027869232
Asian,1/6/21,0.02461198
Asian,1/5/21,0.022175121
Asian,1/4/21,0.02047517
Asian,1/3/21,0.019097658
Asian,1/2/21,0.01888352
Asian,1/1/21,0.018271183
Asian,12/31/20,0.018148091
Asian,12/30/20,0.017099591
Asian,12/29/20,0.01518994
Asian,12/28/20,0.013570681
Asian,12/27/20,0.012114778
Asian,12/26/20,0.011775084
Asian,12/25/20,0.011203832
Asian,12/24/20,0.011114923
Asian,12/23/20,0.010197239
Asian,12/22/20,0.008399669
Asian,12/21/20,0.006558714
Asian,12/20/20,0.004814226
Asian,12/19/20,0.004056282
Asian,12/18/20,0.003105401
Asian,12/17/20,0.001447029
Asian,12/16/20,0.000376836
Asian,12/15/20,5.22607E-05
Black or African American,5/1/21,0.481314774
Black or African American,4/30/21,0.479092255
Black or African American,4/29/21,0.475125128
Black or African American,4/28/21,0.470935707
Black or African American,4/27/21,0.46557534
Black or African American,4/26/21,0.460225941
Black or African American,4/25/21,0.455760234
Black or African American,4/24/21,0.453567664
Black or African American,4/23/21,0.448938716
Black or African American,4/22/21,0.442503998
Black or African American,4/21/21,0.435950752
Black or African American,4/20/21,0.429594913
Black or African American,4/19/21,0.42343395
Black or African American,4/18/21,0.418491598
Black or African American,4/17/21,0.416222258
Black or African American,4/16/21,0.411404761
Black or African American,4/15/21,0.404714005
Black or African American,4/14/21,0.397694236
Black or African American,4/13/21,0.390881154
Black or African American,4/12/21,0.384187867
Black or African American,4/11/21,0.378927469
Black or African American,4/10/21,0.376281453
Black or African American,4/9/21,0.370978874
Black or African American,4/8/21,0.36315176
Black or African American,4/7/21,0.354960202
Black or African American,4/6/21,0.347172739
Black or African American,4/5/21,0.339864873
Black or African American,4/4/21,0.334250155
Black or African American,4/3/21,0.332080784
Black or African American,4/2/21,0.327199172
Black or African American,4/1/21,0.319508725
Black or African American,3/31/21,0.312060397
Black or African American,3/30/21,0.30517392
Black or African American,3/29/21,0.298570479
Black or African American,3/28/21,0.293383898
Black or African American,3/27/21,0.290680093
Black or African American,3/26/21,0.285728039
Black or African American,3/25/21,0.278684227
Black or African American,3/24/21,0.271782565
Black or African American,3/23/21,0.265287529
Black or African American,3/22/21,0.258878542
Black or African American,3/21/21,0.254063154
Black or African American,3/20/21,0.2513758
Black or African American,3/19/21,0.245999405
Black or African American,3/18/21,0.238632486
Black or African American,3/17/21,0.231585721
Black or African American,3/16/21,0.224849831
Black or African American,3/15/21,0.218178056
Black or African American,3/14/21,0.213217144
Black or African American,3/13/21,0.210400716
Black or African American,3/12/21,0.205854443
Black or African American,3/11/21,0.198499335
Black or African American,3/10/21,0.19174826
Black or African American,3/9/21,0.186351617
Black or African American,3/8/21,0.181523576
Black or African American,3/7/21,0.177846233
Black or African American,3/6/21,0.175549897
Black or African American,3/5/21,0.171216217
Black or African American,3/4/21,0.165411684
Black or African American,3/3/21,0.159470906
Black or African American,3/2/21,0.153763811
Black or African American,3/1/21,0.148670451
Black or African American,2/28/21,0.144730742
Black or African American,2/27/21,0.142606926
Black or African American,2/26/21,0.138681559
Black or African American,2/25/21,0.133201398
Black or African American,2/24/21,0.128201679
Black or African American,2/23/21,0.12401268
Black or African American,2/22/21,0.120513763
Black or African American,2/21/21,0.11787787
Black or African American,2/20/21,0.116760072
Black or African American,2/19/21,0.114605464
Black or African American,2/18/21,0.110178142
Black or African American,2/17/21,0.105938104
Black or African American,2/16/21,0.101823344
Black or African American,2/15/21,0.097717441
Black or African American,2/14/21,0.095598266
Black or African American,2/13/21,0.094437865
Black or African American,2/12/21,0.091999801
Black or African American,2/11/21,0.0874143
Black or African American,2/10/21,0.083313038
Black or African American,2/9/21,0.079419306
Black or African American,2/8/21,0.075943167
Black or African American,2/7/21,0.073055031
Black or African American,2/6/21,0.07220677
Black or African American,2/5/21,0.069753099
Black or African American,2/4/21,0.065558616
Black or African American,2/3/21,0.061693568
Black or African American,2/2/21,0.058091307
Black or African American,2/1/21,0.054988048
Black or African American,1/31/21,0.052368183
Black or African American,1/30/21,0.051560838
Black or African American,1/29/21,0.05002587
Black or African American,1/28/21,0.04716009
Black or African American,1/27/21,0.044413683
Black or African American,1/26/21,0.041684569
Black or African American,1/25/21,0.039149911
Black or African American,1/24/21,0.037112988
Black or African American,1/23/21,0.036527094
Black or African American,1/22/21,0.035361631
Black or African American,1/21/21,0.033069936
Black or African American,1/20/21,0.030875678
Black or African American,1/19/21,0.028694496
Black or African American,1/18/21,0.026583757
Black or African American,1/17/21,0.025620764
Black or African American,1/16/21,0.025141165
Black or African American,1/15/21,0.024189983
Black or African American,1/14/21,0.022166137
Black or African American,1/13/21,0.020362054
Black or African American,1/12/21,0.018651191
Black or African American,1/11/21,0.017135204
Black or African American,1/10/21,0.01565001
Black or African American,1/9/21,0.015371615
Black or African American,1/8/21,0.014828323
Black or African American,1/7/21,0.013139816
Black or African American,1/6/21,0.011647451
Black or African American,1/5/21,0.010366412
Black or African American,1/4/21,0.009310199
Black or African American,1/3/21,0.008484716
Black or African American,1/2/21,0.008377576
Black or African American,1/1/21,0.008109727
Black or African American,12/31/20,0.008035066
Black or African American,12/30/20,0.007350046
Black or African American,12/29/20,0.006166024
Black or African American,12/28/20,0.005252805
Black or African American,12/27/20,0.004453052
Black or African American,12/26/20,0.004310902
Black or African American,12/25/20,0.004090295
Black or African American,12/24/20,0.004047271
Black or African American,12/23/20,0.003608166
Black or African American,12/22/20,0.002906274
Black or African American,12/21/20,0.002227581
Black or African American,12/20/20,0.001585585
Black or African American,12/19/20,0.001351902
Black or African American,12/18/20,0.001049042
Black or African American,12/17/20,0.000499424
Black or African American,12/16/20,0.000145946
Black or African American,12/15/20,2.19341E-05
Latino,5/1/21,0.47674701
Latino,4/30/21,0.47337192
Latino,4/29/21,0.4686206
Latino,4/28/21,0.463195836
Latino,4/27/21,0.456538237
Latino,4/26/21,0.449676086
Latino,4/25/21,0.444476303
Latino,4/24/21,0.441508492
Latino,4/23/21,0.434148757
Latino,4/22/21,0.425217481
Latino,4/21/21,0.416503051
Latino,4/20/21,0.407962985
Latino,4/19/21,0.399943729
Latino,4/18/21,0.394257616
Latino,4/17/21,0.39155688
Latino,4/16/21,0.384458625
Latino,4/15/21,0.375320975
Latino,4/14/21,0.366491063
Latino,4/13/21,0.357877803
Latino,4/12/21,0.349672539
Latino,4/11/21,0.343558652
Latino,4/10/21,0.340186814
Latino,4/9/21,0.332456233
Latino,4/8/21,0.323513376
Latino,4/7/21,0.314661018
Latino,4/6/21,0.306150619
Latino,4/5/21,0.298097532
Latino,4/4/21,0.292161846
Latino,4/3/21,0.290089271
Latino,4/2/21,0.283811887
Latino,4/1/21,0.275269088
Latino,3/31/21,0.266704623
Latino,3/30/21,0.258623495
Latino,3/29/21,0.251156995
Latino,3/28/21,0.245657997
Latino,3/27/21,0.242927203
Latino,3/26/21,0.237083839
Latino,3/25/21,0.228723925
Latino,3/24/21,0.221424697
Latino,3/23/21,0.214693058
Latino,3/22/21,0.208546316
Latino,3/21/21,0.204013405
Latino,3/20/21,0.201742134
Latino,3/19/21,0.19638126
Latino,3/18/21,0.189114562
Latino,3/17/21,0.18240049
Latino,3/16/21,0.175923825
Latino,3/15/21,0.169996467
Latino,3/14/21,0.165385808
Latino,3/13/21,0.163190854
Latino,3/12/21,0.158405898
Latino,3/11/21,0.152037753
Latino,3/10/21,0.146206881
Latino,3/9/21,0.141266104
Latino,3/8/21,0.13731425
Latino,3/7/21,0.134070452
Latino,3/6/21,0.132497544
Latino,3/5/21,0.128510232
Latino,3/4/21,0.123235758
Latino,3/3/21,0.118081517
Latino,3/2/21,0.113399682
Latino,3/1/21,0.109501959
Latino,2/28/21,0.106124461
Latino,2/27/21,0.104530798
Latino,2/26/21,0.101289993
Latino,2/25/21,0.096402241
Latino,2/24/21,0.092349933
Latino,2/23/21,0.089016872
Latino,2/22/21,0.086435132
Latino,2/21/21,0.084500161
Latino,2/20/21,0.083811493
Latino,2/19/21,0.081951016
Latino,2/18/21,0.078617435
Latino,2/17/21,0.075353338
Latino,2/16/21,0.072401272
Latino,2/15/21,0.069542504
Latino,2/14/21,0.067928347
Latino,2/13/21,0.066936041
Latino,2/12/21,0.065084478
Latino,2/11/21,0.06153522
Latino,2/10/21,0.058070996
Latino,2/9/21,0.055335843
Latino,2/8/21,0.053031977
Latino,2/7/21,0.051157057
Latino,2/6/21,0.050585108
Latino,2/5/21,0.049052798
Latino,2/4/21,0.04622142
Latino,2/3/21,0.043704285
Latino,2/2/21,0.041491895
Latino,2/1/21,0.039511772
Latino,1/31/21,0.037931252
Latino,1/30/21,0.037418963
Latino,1/29/21,0.03626368
Latino,1/28/21,0.034244325
Latino,1/27/21,0.032249108
Latino,1/26/21,0.030403595
Latino,1/25/21,0.028712536
Latino,1/24/21,0.027321473
Latino,1/23/21,0.026791944
Latino,1/22/21,0.025712716
Latino,1/21/21,0.023829599
Latino,1/20/21,0.021963657
Latino,1/19/21,0.02034911
Latino,1/18/21,0.018956029
Latino,1/17/21,0.018129238
Latino,1/16/21,0.017795346
Latino,1/15/21,0.017142527
Latino,1/14/21,0.015557647
Latino,1/13/21,0.01424329
Latino,1/12/21,0.013011561
Latino,1/11/21,0.011844826
Latino,1/10/21,0.010799105
Latino,1/9/21,0.010558185
Latino,1/8/21,0.010110633
Latino,1/7/21,0.008806165
Latino,1/6/21,0.007690699
Latino,1/5/21,0.00678128
Latino,1/4/21,0.00606854
Latino,1/3/21,0.005572321
Latino,1/2/21,0.005507911
Latino,1/1/21,0.005331597
Latino,12/31/20,0.005282671
Latino,12/30/20,0.00487975
Latino,12/29/20,0.004175988
Latino,12/28/20,0.00358374
Latino,12/27/20,0.003117775
Latino,12/26/20,0.003021941
Latino,12/25/20,0.002895203
Latino,12/24/20,0.002874708
Latino,12/23/20,0.002643352
Latino,12/22/20,0.002147655
Latino,12/21/20,0.001658919
Latino,12/20/20,0.001167905
Latino,12/19/20,0.00100213
Latino,12/18/20,0.000772271
Latino,12/17/20,0.000354386
Latino,12/16/20,8.17813E-05
Latino,12/15/20,8.32777E-06
Multiracial,5/1/21,0.448160514
Multiracial,4/30/21,0.447135515
Multiracial,4/29/21,0.445514613
Multiracial,4/28/21,0.443270198
Multiracial,4/27/21,0.439950167
Multiracial,4/26/21,0.436340236
Multiracial,4/25/21,0.433527528
Multiracial,4/24/21,0.431686901
Multiracial,4/23/21,0.428009098
Multiracial,4/22/21,0.422870296
Multiracial,4/21/21,0.417606103
Multiracial,4/20/21,0.412585792
Multiracial,4/19/21,0.407773702
Multiracial,4/18/21,0.403756533
Multiracial,4/17/21,0.402157488
Multiracial,4/16/21,0.398231201
Multiracial,4/15/21,0.392465436
Multiracial,4/14/21,0.386378712
Multiracial,4/13/21,0.380596841
Multiracial,4/12/21,0.375180796
Multiracial,4/11/21,0.371286719
Multiracial,4/10/21,0.369233269
Multiracial,4/9/21,0.364996375
Multiracial,4/8/21,0.358746296
Multiracial,4/7/21,0.352329409
Multiracial,4/6/21,0.346100036
Multiracial,4/5/21,0.339997207
Multiracial,4/4/21,0.336011099
Multiracial,4/3/21,0.334308518
Multiracial,4/2/21,0.329997999
Multiracial,4/1/21,0.324107992
Multiracial,3/31/21,0.317781987
Multiracial,3/30/21,0.31207029
Multiracial,3/29/21,0.30652195
Multiracial,3/28/21,0.302298861
Multiracial,3/27/21,0.299885338
Multiracial,3/26/21,0.294785651
Multiracial,3/25/21,0.287893652
Multiracial,3/24/21,0.281505525
Multiracial,3/23/21,0.275821438
Multiracial,3/22/21,0.270361678
Multiracial,3/21/21,0.266601046
Multiracial,3/20/21,0.264884662
Multiracial,3/19/21,0.260480961
Multiracial,3/18/21,0.254211325
Multiracial,3/17/21,0.248137255
Multiracial,3/16/21,0.241941243
Multiracial,3/15/21,0.236081147
Multiracial,3/14/21,0.232182468
Multiracial,3/13/21,0.230094507
Multiracial,3/12/21,0.225973802
Multiracial,3/11/21,0.219896281
Multiracial,3/10/21,0.214098306
Multiracial,3/9/21,0.209188433
Multiracial,3/8/21,0.204739867
Multiracial,3/7/21,0.201868488
Multiracial,3/6/21,0.200361475
Multiracial,3/5/21,0.196041753
Multiracial,3/4/21,0.190947817
Multiracial,3/3/21,0.185635307
Multiracial,3/2/21,0.180590838
Multiracial,3/1/21,0.175963961
Multiracial,2/28/21,0.17243916
Multiracial,2/27/21,0.170278724
Multiracial,2/26/21,0.16568981
Multiracial,2/25/21,0.159315488
Multiracial,2/24/21,0.154406765
Multiracial,2/23/21,0.150041028
Multiracial,2/22/21,0.146632416
Multiracial,2/21/21,0.144019876
Multiracial,2/20/21,0.143070803
Multiracial,2/19/21,0.14059861
Multiracial,2/18/21,0.136234023
Multiracial,2/17/21,0.13164626
Multiracial,2/16/21,0.127285123
Multiracial,2/15/21,0.122790542
Multiracial,2/14/21,0.120485156
Multiracial,2/13/21,0.11894018
Multiracial,2/12/21,0.116053846
Multiracial,2/11/21,0.110942655
Multiracial,2/10/21,0.10641126
Multiracial,2/9/21,0.101815444
Multiracial,2/8/21,0.09766483
Multiracial,2/7/21,0.094586381
Multiracial,2/6/21,0.09358669
Multiracial,2/5/21,0.090895924
Multiracial,2/4/21,0.086204625
Multiracial,2/3/21,0.082353112
Multiracial,2/2/21,0.079134316
Multiracial,2/1/21,0.076187011
Multiracial,1/31/21,0.073767737
Multiracial,1/30/21,0.072893439
Multiracial,1/29/21,0.071036706
Multiracial,1/28/21,0.067923746
Multiracial,1/27/21,0.064668136
Multiracial,1/26/21,0.06142173
Multiracial,1/25/21,0.058378943
Multiracial,1/24/21,0.05581587
Multiracial,1/23/21,0.054840337
Multiracial,1/22/21,0.052981304
Multiracial,1/21/21,0.049904005
Multiracial,1/20/21,0.046829007
Multiracial,1/19/21,0.043741355
Multiracial,1/18/21,0.040950504
Multiracial,1/17/21,0.039419332
Multiracial,1/16/21,0.038656623
Multiracial,1/15/21,0.037332521
Multiracial,1/14/21,0.034273629
Multiracial,1/13/21,0.031820993
Multiracial,1/12/21,0.029215355
Multiracial,1/11/21,0.02658901
Multiracial,1/10/21,0.024274422
Multiracial,1/9/21,0.023436936
Multiracial,1/8/21,0.022300349
Multiracial,1/7/21,0.019540559
Multiracial,1/6/21,0.01708102
Multiracial,1/5/21,0.015254198
Multiracial,1/4/21,0.014022128
Multiracial,1/3/21,0.013039693
Multiracial,1/2/21,0.012909699
Multiracial,1/1/21,0.01253122
Multiracial,12/31/20,0.01244149
Multiracial,12/30/20,0.011722495
Multiracial,12/29/20,0.010224684
Multiracial,12/28/20,0.009077743
Multiracial,12/27/20,0.008145926
Multiracial,12/26/20,0.007989472
Multiracial,12/25/20,0.007731785
Multiracial,12/24/20,0.007683468
Multiracial,12/23/20,0.00713243
Multiracial,12/22/20,0.006006197
Multiracial,12/21/20,0.00478218
Multiracial,12/20/20,0.003552411
Multiracial,12/19/20,0.002870228
Multiracial,12/18/20,0.002197249
Multiracial,12/17/20,0.001018097
Multiracial,12/16/20,0.000236981
Multiracial,12/15/20,2.6459E-05
White,5/1/21,0.814419769
White,4/30/21,0.811997332
White,4/29/21,0.807024672
White,4/28/21,0.800619101
White,4/27/21,0.793182099
White,4/26/21,0.785395133
White,4/25/21,0.779414484
White,4/24/21,0.77629613
White,4/23/21,0.769906324
White,4/22/21,0.76021084
White,4/21/21,0.749932219
White,4/20/21,0.740424198
White,4/19/21,0.730963889
White,4/18/21,0.723463063
White,4/17/21,0.720100335
White,4/16/21,0.71329923
White,4/15/21,0.702672443
White,4/14/21,0.691241243
White,4/13/21,0.680802265
White,4/12/21,0.670633108
White,4/11/21,0.662654046
White,4/10/21,0.658415335
White,4/9/21,0.650734444
White,4/8/21,0.639171722
White,4/7/21,0.626686342
White,4/6/21,0.614920874
White,4/5/21,0.603227737
White,4/4/21,0.594112621
White,4/3/21,0.590974559
White,4/2/21,0.583241323
White,4/1/21,0.571380636
White,3/31/21,0.558585537
White,3/30/21,0.547814297
White,3/29/21,0.537605932
White,3/28/21,0.529632955
White,3/27/21,0.52548158
White,3/26/21,0.517923636
White,3/25/21,0.506988167
White,3/24/21,0.496091352
White,3/23/21,0.485888035
White,3/22/21,0.476413828
White,3/21/21,0.469107311
White,3/20/21,0.465349879
White,3/19/21,0.458066596
White,3/18/21,0.447442437
White,3/17/21,0.436478686
White,3/16/21,0.426046416
White,3/15/21,0.415569959
White,3/14/21,0.407438838
White,3/13/21,0.403281931
White,3/12/21,0.39583345
White,3/11/21,0.385101557
White,3/10/21,0.374502153
White,3/9/21,0.365501064
White,3/8/21,0.357816509
White,3/7/21,0.351650747
White,3/6/21,0.34803113
White,3/5/21,0.340618123
White,3/4/21,0.331050564
White,3/3/21,0.320574868
White,3/2/21,0.310390775
White,3/1/21,0.301774295
White,2/28/21,0.294265101
White,2/27/21,0.290098514
White,2/26/21,0.282400958
White,2/25/21,0.271417914
White,2/24/21,0.261059841
White,2/23/21,0.251776693
White,2/22/21,0.24440974
White,2/21/21,0.239045418
White,2/20/21,0.236492842
White,2/19/21,0.231372548
White,2/18/21,0.223321778
White,2/17/21,0.214249743
White,2/16/21,0.205613278
White,2/15/21,0.197229001
White,2/14/21,0.192396783
White,2/13/21,0.18902389
White,2/12/21,0.183329035
White,2/11/21,0.174561187
White,2/10/21,0.166272129
White,2/9/21,0.158432955
White,2/8/21,0.151786883
White,2/7/21,0.145971224
White,2/6/21,0.143683836
White,2/5/21,0.138600744
White,2/4/21,0.131344291
White,2/3/21,0.124279243
White,2/2/21,0.117710065
White,2/1/21,0.111850358
White,1/31/21,0.106888692
White,1/30/21,0.104255281
White,1/29/21,0.099943065
White,1/28/21,0.094291843
White,1/27/21,0.088138182
White,1/26/21,0.082296662
White,1/25/21,0.0768356
White,1/24/21,0.072254393
White,1/23/21,0.070146309
White,1/22/21,0.066502282
White,1/21/21,0.060976912
White,1/20/21,0.055242572
White,1/19/21,0.050179464
White,1/18/21,0.045841041
White,1/17/21,0.043218555
White,1/16/21,0.041601984
White,1/15/21,0.038988973
White,1/14/21,0.034944433
White,1/13/21,0.031592285
White,1/12/21,0.028521091
White,1/11/21,0.025671104
White,1/10/21,0.023138513
White,1/9/21,0.022573149
White,1/8/21,0.021556793
White,1/7/21,0.019045846
White,1/6/21,0.016875735
White,1/5/21,0.015176946
White,1/4/21,0.013865876
White,1/3/21,0.012850696
White,1/2/21,0.012709286
White,1/1/21,0.012310087
White,12/31/20,0.012202214
White,12/30/20,0.01150844
White,12/29/20,0.010070965
White,12/28/20,0.008843082
White,12/27/20,0.007712838
White,12/26/20,0.007474273
White,12/25/20,0.007108473
White,12/24/20,0.007061798
White,12/23/20,0.006516694
White,12/22/20,0.005320412
White,12/21/20,0.004128003
White,12/20/20,0.002961801
White,12/19/20,0.002536948
White,12/18/20,0.001958791
White,12/17/20,0.000878057
White,12/16/20,0.000241884
White,12/15/20,3.33299E-05